{
    "list": [
        {
            "firstName": "Romin",
            "lastName": "Irani",
            "emailAddress": "romin.k.irani@gmail.com"
        },
        {
            "firstName": "Neil",
            "lastName": "Irani",
            "emailAddress": "neilrirani@gmail.com"
        },
        {
            "firstName": "Tom",
            "lastName": "Hanks",
            "emailAddress": "tomhanks@gmail.com"
        }
    ],
    "navItems": [
        {
            "link": "Home",
            "url": "home"
        },
        {
            "link": "Employees",
            "url": "employeeList"
        },
        {
            "link": "LogOut",
            "url": "login"
        }
    ]
}